Workbook

Sheet Ticket
A1: ticket_id | B1: created_at | C1: closed_at | D1: outlet_id | E1: cms_id | F1: Same Day | G1: Same Hour
A2: isu-sjd-457 | B2: 44427.698 | C2: 44430.523 | D2: wrqy-juv-978 | E2: vew-iuvd-12 | F2: =LEFT(B2,10)=LEFT(C2,10) -> FALSE | G2: =AND(LEFT(B2,10)=LEFT(C2,10), MID(B2,12,2)=MID(C2,12,2)) -> FALSE
A3: qer-fal-092 | B3: 44429.465 | C3: 44429.718 | D3: wrqy-juv-978 | E3: cms-234-ab | F3: =LEFT(B3,10)=LEFT(C3,10) -> TRUE | G3: =AND(LEFT(B3,10)=LEFT(C3,10), MID(B3,12,2)=MID(C3,12,2)) -> FALSE
A4: xzy-klo-765 | B4: 44429.417 | C4: 44429.448 | D4: 8woh-k3u-23b | E4: cms-876-gh | F4: =LEFT(B4,10)=LEFT(C4,10) -> TRUE | G4: =AND(LEFT(B4,10)=LEFT(C4,10), MID(B4,12,2)=MID(C4,12,2)) -> TRUE
A5: lmn-pqr-333 | B5: 44430.385 | C5: 44430.75 | D5: 8woh-k3u-23b | E5: cms-555-rt | F5: =LEFT(B5,10)=LEFT(C5,10) -> TRUE | G5: =AND(LEFT(B5,10)=LEFT(C5,10), MID(B5,12,2)=MID(C5,12,2)) -> FALSE
A6: abc-def-111 | B6: 44431.583 | C6: 44431.597 | D6: wrqy-juv-978 | E6: cms-999-xy | F6: =LEFT(B6,10)=LEFT(C6,10) -> TRUE | G6: =AND(LEFT(B6,10)=LEFT(C6,10), MID(B6,12,2)=MID(C6,12,2)) -> TRUE
A7: ghi-jkl-222 | B7: 44431.333 | C7: 44432.375 | D7: poi-uyt-567 | E7: cms-741-za | F7: =LEFT(B7,10)=LEFT(C7,10) -> FALSE | G7: =AND(LEFT(B7,10)=LEFT(C7,10), MID(B7,12,2)=MID(C7,12,2)) -> FALSE
A8: uvw-xyz-888 | B8: 44432.438 | C8: 44432.448 | D8: poi-uyt-567 | E8: cms-852-bn | F8: =LEFT(B8,10)=LEFT(C8,10) -> TRUE | G8: =AND(LEFT(B8,10)=LEFT(C8,10), MID(B8,12,2)=MID(C8,12,2)) -> TRUE
A17: TABLE
A19: outlet_id | B19: Same Day Count | C19: Same Hour Count
A20: wrqy-juv-978 | B20: =COUNTIFS(D:D,"wrqy-juv-978",F:F,TRUE) -> 2 | C20: =COUNTIFS(D:D,"wrqy-juv-978",G:G,TRUE) -> 1
A21: 8woh-k3u-23b | B21: =COUNTIFS(D:D,"8woh-k3u-23b",F:F,TRUE) -> 2 | C21: =COUNTIFS(D:D,"8woh-k3u-23b",G:G,TRUE) -> 1
A22: poi-uyt-567 | B22: =COUNTIFS(D:D,"poi-uyt-567",F:F,TRUE) -> 1 | C22: =COUNTIFS(D:D,"poi-uyt-567",G:G,TRUE) -> 1

Sheet Feedback 
A1: cms_id | B1: feedback_at | C1: feedback_rating | D1: ticket_created_at
A2: vew-iuvd-12 | B2: 44429.56 | C2: 3 | D2: {=INDEX(Ticket!B:B, MATCH(TRIM(A2), Ticket!E:E, 0))} -> 44427.698
A3: cms-234-ab | B3: 44430.417 | C3: 4 | D3: {=INDEX(Ticket!B:B, MATCH(TRIM(A3), Ticket!E:E, 0))} -> 44429.465
A4: cms-876-gh | B4: 44430.458 | C4: 5 | D4: {=INDEX(Ticket!B:B, MATCH(TRIM(A4), Ticket!E:E, 0))} -> 44429.417
A5: cms-555-rt | B5: 44431.375 | C5: 2 | D5: {=INDEX(Ticket!B:B, MATCH(TRIM(A5), Ticket!E:E, 0))} -> 44430.385
A6: cms-999-xy | B6: 44431.625 | C6: 4 | D6: {=INDEX(Ticket!B:B, MATCH(TRIM(A6), Ticket!E:E, 0))} -> 44431.583
A7: cms-741-za | B7: 44432.417 | C7: 3 | D7: {=INDEX(Ticket!B:B, MATCH(TRIM(A7), Ticket!E:E, 0))} -> 44431.333
A8: cms-852-bn | B8: 44432.458 | C8: 5 | D8: {=INDEX(Ticket!B:B, MATCH(TRIM(A8), Ticket!E:E, 0))} -> 44432.438
